STATE,zipcode,Income
WA,98001,57519
WA,98001,130250
WA,98001,150191
WA,98001,153532
WA,98001,341877
WA,98001,157082
WA,98002,78655
WA,98002,175304
WA,98002,143657
WA,98002,101001
WA,98002,141362
WA,98002,28093
WA,98003,103486
WA,98003,224108
WA,98003,192628
WA,98003,141522
WA,98003,261731
WA,98003,145316
WA,98004,35318
WA,98004,86973
WA,98004,121705
WA,98004,132844
WA,98004,622721
WA,98004,3374021
WA,98005,24229
WA,98005,61176
WA,98005,78379
WA,98005,88592
WA,98005,304649
WA,98005,887947
WA,98006,48604
WA,98006,95858
WA,98006,119430
WA,98006,139125
WA,98006,619148
WA,98006,1973586
WA,98007,40294
WA,98007,92596
WA,98007,121898
WA,98007,134557
WA,98007,381166
WA,98007,331444
WA,98008,36019
WA,98008,74846
WA,98008,88638
WA,98008,107743
WA,98008,406269
WA,98008,715345
WA,98010,7799
WA,98010,17655
WA,98010,21998
WA,98010,26172
WA,98010,83137
WA,98010,80606
WA,98011,36463
WA,98011,93112
WA,98011,112171
WA,98011,112213
WA,98011,356475
WA,98011,364216
WA,98012,78635
WA,98012,195914
WA,98012,262735
WA,98012,321926
WA,98012,1032192
WA,98012,635140
WA,98014,9689
WA,98014,21341
WA,98014,29682
WA,98014,31556
WA,98014,109797
WA,98014,144276
WA,98019,14321
WA,98019,33442
WA,98019,41793
WA,98019,51949
WA,98019,204656
WA,98019,201970
WA,98020,29562
WA,98020,71330
WA,98020,92323
WA,98020,105124
WA,98020,336493
WA,98020,663452
WA,98021,38932
WA,98021,87770
WA,98021,117787
WA,98021,139348
WA,98021,500602
WA,98021,424350
WA,98022,36977
WA,98022,85168
WA,98022,95834
WA,98022,103538
WA,98022,265150
WA,98022,143145
WA,98023,94095
WA,98023,210350
WA,98023,213773
WA,98023,203411
WA,98023,469207
WA,98023,398972
WA,98024,7678
WA,98024,16531
WA,98024,19439
WA,98024,22023
WA,98024,68714
WA,98024,143951
WA,98026,64330
WA,98026,148558
WA,98026,174528
WA,98026,188905
WA,98026,482839
WA,98026,441129
WA,98027,35412
WA,98027,84667
WA,98027,107906
WA,98027,127181
WA,98027,471085
WA,98027,888311
WA,98028,32657
WA,98028,76166
WA,98028,85495
WA,98028,94839
WA,98028,349199
WA,98028,383668
WA,98029,26473
WA,98029,58198
WA,98029,85866
WA,98029,111153
WA,98029,505533
WA,98029,759914
WA,98030,79358
WA,98030,168801
WA,98030,139928
WA,98030,119995
WA,98030,225367
WA,98030,90654
WA,98031,83428
WA,98031,185035
WA,98031,176590
WA,98031,158968
WA,98031,362237
WA,98031,140789
WA,98032,76779
WA,98032,184765
WA,98032,164677
WA,98032,123699
WA,98032,211177
WA,98032,139133
WA,98033,42100
WA,98033,109460
WA,98033,136193
WA,98033,162939
WA,98033,636295
WA,98033,2314399
WA,98034,72863
WA,98034,205031
WA,98034,229683
WA,98034,234635
WA,98034,720386
WA,98034,827479
WA,98036,67845
WA,98036,164939
WA,98036,165441
WA,98036,169108
WA,98036,437154
WA,98036,187551
WA,98037,54533
WA,98037,122251
WA,98037,123028
WA,98037,118161
WA,98037,267053
WA,98037,107446
WA,98038,40202
WA,98038,84240
WA,98038,131758
WA,98038,173505
WA,98038,591618
WA,98038,421295
WA,98039,2938
WA,98039,5079
WA,98039,7570
WA,98039,6810
WA,98039,38243
WA,98039,1211801
WA,98040,25752
WA,98040,54078
WA,98040,74032
WA,98040,86521
WA,98040,346751
WA,98040,2795738
WA,98042,71601
WA,98042,163061
WA,98042,203321
WA,98042,231263
WA,98042,620223
WA,98042,361851
WA,98043,44099
WA,98043,113380
WA,98043,121960
WA,98043,105206
WA,98043,157260
WA,98043,38655
WA,98045,21382
WA,98045,47751
WA,98045,60430
WA,98045,76283
WA,98045,237403
WA,98045,248214
WA,98047,13140
WA,98047,32950
WA,98047,31930
WA,98047,25996
WA,98047,37084
WA,98047,8440
WA,98051,5573
WA,98051,10981
WA,98051,15465
WA,98051,18476
WA,98051,51901
WA,98051,46913
WA,98052,72347
WA,98052,166123
WA,98052,213468
WA,98052,255536
WA,98052,1223909
WA,98052,2084040
WA,98053,19122
WA,98053,40929
WA,98053,59491
WA,98053,72516
WA,98053,367211
WA,98053,1032656
WA,98055,41169
WA,98055,115989
WA,98055,125746
WA,98055,111278
WA,98055,212640
WA,98055,77923
WA,98056,62125
WA,98056,156541
WA,98056,167449
WA,98056,151226
WA,98056,412923
WA,98056,396862
WA,98057,30628
WA,98057,76475
WA,98057,71307
WA,98057,57463
WA,98057,92736
WA,98057,92730
WA,98058,69534
WA,98058,175725
WA,98058,194356
WA,98058,197312
WA,98058,573523
WA,98058,267345
WA,98059,52007
WA,98059,119032
WA,98059,148398
WA,98059,165086
WA,98059,569374
WA,98059,592777
WA,98065,12037
WA,98065,29493
WA,98065,40461
WA,98065,50640
WA,98065,279042
WA,98065,381745
WA,98070,17383
WA,98070,36459
WA,98070,42703
WA,98070,50163
WA,98070,143045
WA,98070,231534
WA,98072,32743
WA,98072,75165
WA,98072,91253
WA,98072,102591
WA,98072,397331
WA,98072,817652
WA,98074,22430
WA,98074,38151
WA,98074,52722
WA,98074,72387
WA,98074,488500
WA,98074,1440189
WA,98075,19151
WA,98075,31215
WA,98075,42422
WA,98075,54864
WA,98075,359243
WA,98075,1409508
WA,98077,16059
WA,98077,24274
WA,98077,32418
WA,98077,38375
WA,98077,221480
WA,98077,736311
WA,98087,65794
WA,98087,169002
WA,98087,170465
WA,98087,154442
WA,98087,313858
WA,98087,106378
WA,98092,67529
WA,98092,162583
WA,98092,189400
WA,98092,206250
WA,98092,547911
WA,98092,332408
WA,98101,22724
WA,98101,57833
WA,98101,64788
WA,98101,65238
WA,98101,240299
WA,98101,822903
WA,98102,48549
WA,98102,164201
WA,98102,179042
WA,98102,147899
WA,98102,378429
WA,98102,800167
WA,98103,83143
WA,98103,265040
WA,98103,290749
WA,98103,261489
WA,98103,747149
WA,98103,1033401
WA,98104,30817
WA,98104,59862
WA,98104,51042
WA,98104,46194
WA,98104,122751
WA,98104,355145
WA,98105,75394
WA,98105,118279
WA,98105,99194
WA,98105,88383
WA,98105,323072
WA,98105,1277326
WA,98106,54238
WA,98106,128135
WA,98106,128388
WA,98106,108436
WA,98106,199402
WA,98106,64615
WA,98107,39955
WA,98107,143180
WA,98107,162830
WA,98107,155292
WA,98107,403612
WA,98107,426884
WA,98108,60096
WA,98108,129434
WA,98108,96355
WA,98108,76636
WA,98108,155746
WA,98108,137430
WA,98109,34935
WA,98109,132802
WA,98109,173025
WA,98109,169949
WA,98109,488860
WA,98109,955987
WA,98110,30936
WA,98110,56875
WA,98110,82688
WA,98110,99111
WA,98110,402560
WA,98110,1030167
WA,98112,32189
WA,98112,87743
WA,98112,95323
WA,98112,87158
WA,98112,313826
WA,98112,2306128
WA,98115,74293
WA,98115,187859
WA,98115,218854
WA,98115,227171
WA,98115,823819
WA,98115,1377197
WA,98116,33002
WA,98116,103825
WA,98116,134482
WA,98116,134058
WA,98116,452524
WA,98116,652850
WA,98117,46512
WA,98117,130083
WA,98117,153153
WA,98117,172501
WA,98117,609388
WA,98117,720830
WA,98118,106829
WA,98118,223741
WA,98118,193236
WA,98118,159329
WA,98118,358686
WA,98118,378978
WA,98119,33151
WA,98119,117174
WA,98119,132187
WA,98119,112109
WA,98119,328038
WA,98119,884243
WA,98121,20766
WA,98121,59403
WA,98121,82035
WA,98121,102423
WA,98121,360977
WA,98121,646884
WA,98122,75013
WA,98122,197768
WA,98122,182739
WA,98122,155543
WA,98122,448625
WA,98122,790718
WA,98125,82338
WA,98125,194633
WA,98125,187286
WA,98125,173679
WA,98125,427088
WA,98125,369425
WA,98126,35672
WA,98126,93352
WA,98126,111235
WA,98126,111575
WA,98126,291416
WA,98126,205894
WA,98133,99816
WA,98133,243982
WA,98133,243260
WA,98133,214620
WA,98133,451165
WA,98133,178955
WA,98134,2856
WA,98134,4540
WA,98134,4065
WA,98134,2465
WA,98134,10226
WA,98134,58334
WA,98136,20303
WA,98136,59838
WA,98136,79891
WA,98136,88976
WA,98136,284538
WA,98136,504909
WA,98144,63361
WA,98144,150906
WA,98144,131667
WA,98144,108628
WA,98144,292992
WA,98144,581327
WA,98146,56188
WA,98146,133282
WA,98146,123332
WA,98146,102328
WA,98146,225095
WA,98146,182678
WA,98148,24256
WA,98148,59955
WA,98148,47687
WA,98148,36909
WA,98148,65860
WA,98148,25744
WA,98155,61077
WA,98155,143510
WA,98155,172354
WA,98155,172186
WA,98155,434024
WA,98155,379449
WA,98164,0
WA,98164,0
WA,98164,2231
WA,98164,0
WA,98164,6876
WA,98164,13408
WA,98166,38569
WA,98166,90061
WA,98166,88598
WA,98166,91420
WA,98166,278307
WA,98166,335600
WA,98168,88463
WA,98168,198246
WA,98168,158726
WA,98168,116550
WA,98168,166458
WA,98168,45679
WA,98177,29664
WA,98177,61911
WA,98177,75208
WA,98177,89736
WA,98177,335773
WA,98177,836923
WA,98178,55203
WA,98178,125043
WA,98178,121773
WA,98178,105337
WA,98178,186107
WA,98178,84526
WA,98188,69668
WA,98188,146181
WA,98188,110858
WA,98188,73287
WA,98188,115560
WA,98188,74089
WA,98198,77257
WA,98198,185469
WA,98198,175249
WA,98198,151019
WA,98198,277224
WA,98198,175898
WA,98199,27340
WA,98199,72875
WA,98199,95029
WA,98199,93900
WA,98199,351582
WA,98199,995952
WA,98201,59623
WA,98201,134188
WA,98201,124189
WA,98201,100339
WA,98201,168502
WA,98201,88044
WA,98203,65759
WA,98203,154029
WA,98203,156840
WA,98203,158313
WA,98203,334490
WA,98203,173623
WA,98204,92290
WA,98204,228071
WA,98204,180738
WA,98204,142382
WA,98204,166782
WA,98204,25999
WA,98208,89972
WA,98208,211041
WA,98208,242871
WA,98208,275295
WA,98208,684517
WA,98208,207627
WA,98220,1463
WA,98220,2931
WA,98220,3094
WA,98220,3024
WA,98220,4216
WA,98220,0
WA,98221,39459
WA,98221,84277
WA,98221,100404
WA,98221,118647
WA,98221,254307
WA,98221,280283
WA,98223,68466
WA,98223,153785
WA,98223,196372
WA,98223,211764
WA,98223,446893
WA,98223,176566
WA,98225,109540
WA,98225,176553
WA,98225,155034
WA,98225,137238
WA,98225,254182
WA,98225,252188
WA,98226,84916
WA,98226,181441
WA,98226,173552
WA,98226,169976
WA,98226,343803
WA,98226,284909
WA,98229,63943
WA,98229,114382
WA,98229,127971
WA,98229,129769
WA,98229,310004
WA,98229,305572
WA,98230,30452
WA,98230,60511
WA,98230,71557
WA,98230,72314
WA,98230,126641
WA,98230,148604
WA,98232,6105
WA,98232,14350
WA,98232,16839
WA,98232,20261
WA,98232,47948
WA,98232,53765
WA,98233,35198
WA,98233,70760
WA,98233,68198
WA,98233,61880
WA,98233,105868
WA,98233,48486
WA,98236,10469
WA,98236,20597
WA,98236,27724
WA,98236,28842
WA,98236,65723
WA,98236,102361
WA,98237,6878
WA,98237,13684
WA,98237,14981
WA,98237,11919
WA,98237,24386
WA,98237,0
WA,98239,11597
WA,98239,27290
WA,98239,34357
WA,98239,36771
WA,98239,73885
WA,98239,66535
WA,98240,6573
WA,98240,13177
WA,98240,12520
WA,98240,16166
WA,98240,26283
WA,98240,15061
WA,98241,4312
WA,98241,9062
WA,98241,10026
WA,98241,9233
WA,98241,9208
WA,98241,0
WA,98244,5438
WA,98244,12371
WA,98244,12319
WA,98244,11555
WA,98244,20078
WA,98244,0
WA,98245,8828
WA,98245,16099
WA,98245,17699
WA,98245,15659
WA,98245,30821
WA,98245,67196
WA,98247,16035
WA,98247,34631
WA,98247,35950
WA,98247,34179
WA,98247,53229
WA,98247,38777
WA,98248,45286
WA,98248,95956
WA,98248,102971
WA,98248,105112
WA,98248,198029
WA,98248,103626
WA,98249,9580
WA,98249,18453
WA,98249,24229
WA,98249,25292
WA,98249,63210
WA,98249,71737
WA,98250,17516
WA,98250,34442
WA,98250,36028
WA,98250,36985
WA,98250,84649
WA,98250,174198
WA,98251,8564
WA,98251,20088
WA,98251,23315
WA,98251,20441
WA,98251,25848
WA,98251,0
WA,98252,15297
WA,98252,35235
WA,98252,39373
WA,98252,42705
WA,98252,84493
WA,98252,25820
WA,98253,3305
WA,98253,6134
WA,98253,8995
WA,98253,8047
WA,98253,24843
WA,98253,21213
WA,98257,7765
WA,98257,15783
WA,98257,19541
WA,98257,20992
WA,98257,48768
WA,98257,35177
WA,98258,66657
WA,98258,151082
WA,98258,206362
WA,98258,258067
WA,98258,577572
WA,98258,216155
WA,98260,10471
WA,98260,19822
WA,98260,24164
WA,98260,24418
WA,98260,76202
WA,98260,82836
WA,98261,5441
WA,98261,10653
WA,98261,10865
WA,98261,8965
WA,98261,21634
WA,98261,37214
WA,98262,1644
WA,98262,3906
WA,98262,4721
WA,98262,3670
WA,98262,15790
WA,98262,0
WA,98264,35562
WA,98264,75981
WA,98264,97657
WA,98264,97673
WA,98264,163508
WA,98264,149949
WA,98266,8031
WA,98266,15085
WA,98266,13108
WA,98266,7066
WA,98266,11415
WA,98266,0
WA,98267,960
WA,98267,2207
WA,98267,1506
WA,98267,3227
WA,98267,0
WA,98267,0
WA,98270,83686
WA,98270,198527
WA,98270,225840
WA,98270,240392
WA,98270,459927
WA,98270,95273
WA,98271,63027
WA,98271,120255
WA,98271,137791
WA,98271,129339
WA,98271,237041
WA,98271,95548
WA,98272,42744
WA,98272,99689
WA,98272,118686
WA,98272,128413
WA,98272,286531
WA,98272,150957
WA,98273,64895
WA,98273,133440
WA,98273,112491
WA,98273,106701
WA,98273,174440
WA,98273,131256
WA,98274,31907
WA,98274,65986
WA,98274,77001
WA,98274,75210
WA,98274,168968
WA,98274,101001
WA,98275,29442
WA,98275,65360
WA,98275,86715
WA,98275,104062
WA,98275,387821
WA,98275,408476
WA,98276,2310
WA,98276,5252
WA,98276,8231
WA,98276,6770
WA,98276,5976
WA,98276,0
WA,98277,74851
WA,98277,198611
WA,98277,177121
WA,98277,162063
WA,98277,254005
WA,98277,92762
WA,98279,1121
WA,98279,1932
WA,98279,2785
WA,98279,2149
WA,98279,14699
WA,98279,0
WA,98281,2777
WA,98281,5097
WA,98281,5376
WA,98281,4479
WA,98281,13318
WA,98281,28204
WA,98282,25130
WA,98282,53507
WA,98282,73913
WA,98282,88179
WA,98282,194279
WA,98282,120807
WA,98283,873
WA,98283,1441
WA,98283,1997
WA,98283,3300
WA,98283,0
WA,98283,0
WA,98284,49210
WA,98284,106548
WA,98284,111765
WA,98284,105985
WA,98284,140547
WA,98284,60162
WA,98290,52925
WA,98290,114598
WA,98290,138501
WA,98290,148717
WA,98290,458661
WA,98290,281974
WA,98292,37242
WA,98292,76648
WA,98292,101199
WA,98292,111759
WA,98292,290545
WA,98292,157458
WA,98294,11409
WA,98294,30203
WA,98294,33292
WA,98294,28388
WA,98294,44374
WA,98294,11242
WA,98295,4791
WA,98295,11058
WA,98295,11288
WA,98295,8984
WA,98295,21887
WA,98295,0
WA,98296,31209
WA,98296,62020
WA,98296,82422
WA,98296,114222
WA,98296,478039
WA,98296,453214
WA,98303,1941
WA,98303,3697
WA,98303,4116
WA,98303,5515
WA,98303,15757
WA,98303,0
WA,98304,2037
WA,98304,3810
WA,98304,3069
WA,98304,2064
WA,98304,4043
WA,98304,0
WA,98305,761
WA,98305,1423
WA,98305,2181
WA,98305,1818
WA,98305,3192
WA,98305,0
WA,98310,44419
WA,98310,97210
WA,98310,91526
WA,98310,74121
WA,98310,103828
WA,98310,33577
WA,98311,45018
WA,98311,104254
WA,98311,132051
WA,98311,128528
WA,98311,218608
WA,98311,42672
WA,98312,62474
WA,98312,137162
WA,98312,134200
WA,98312,125190
WA,98312,213284
WA,98312,95631
WA,98315,14908
WA,98315,29127
WA,98315,17723
WA,98315,7264
WA,98315,8938
WA,98315,0
WA,98320,2212
WA,98320,4777
WA,98320,5348
WA,98320,4995
WA,98320,11285
WA,98320,0
WA,98321,22887
WA,98321,52622
WA,98321,65878
WA,98321,76652
WA,98321,175599
WA,98321,65064
WA,98323,1025
WA,98323,3312
WA,98323,3223
WA,98323,4016
WA,98323,6328
WA,98323,0
WA,98325,4691
WA,98325,8675
WA,98325,9706
WA,98325,7969
WA,98325,13650
WA,98325,6902
WA,98326,1233
WA,98326,2977
WA,98326,2164
WA,98326,3393
WA,98326,0
WA,98326,0
WA,98327,9870
WA,98327,35732
WA,98327,51975
WA,98327,51903
WA,98327,101827
WA,98327,28977
WA,98328,16051
WA,98328,37090
WA,98328,45558
WA,98328,44927
WA,98328,89955
WA,98328,37060
WA,98329,14773
WA,98329,32063
WA,98329,40152
WA,98329,44395
WA,98329,84380
WA,98329,36327
WA,98330,790
WA,98330,1310
WA,98330,2601
WA,98330,0
WA,98330,0
WA,98330,0
WA,98331,10698
WA,98331,22591
WA,98331,19889
WA,98331,19555
WA,98331,19320
WA,98331,14576
WA,98332,20535
WA,98332,41877
WA,98332,58218
WA,98332,79094
WA,98332,231135
WA,98332,329846
WA,98333,4538
WA,98333,9195
WA,98333,13328
WA,98333,17441
WA,98333,67549
WA,98333,129877
WA,98335,38049
WA,98335,80387
WA,98335,113993
WA,98335,133690
WA,98335,420196
WA,98335,619610
WA,98336,1693
WA,98336,3866
WA,98336,4216
WA,98336,2850
WA,98336,3618
WA,98336,0
WA,98337,15829
WA,98337,31481
WA,98337,29456
WA,98337,21619
WA,98337,27552
WA,98337,7027
WA,98338,44395
WA,98338,100477
WA,98338,125468
WA,98338,131940
WA,98338,258287
WA,98338,72950
WA,98339,9246
WA,98339,16044
WA,98339,14450
WA,98339,13391
WA,98339,20758
WA,98339,8407
WA,98340,3880
WA,98340,9361
WA,98340,10959
WA,98340,13657
WA,98340,36441
WA,98340,18941
WA,98342,2916
WA,98342,5794
WA,98342,6415
WA,98342,9746
WA,98342,19278
WA,98342,12473
WA,98346,17986
WA,98346,35756
WA,98346,43561
WA,98346,46530
WA,98346,104322
WA,98346,88146
WA,98349,8288
WA,98349,15730
WA,98349,19320
WA,98349,18643
WA,98349,31037
WA,98349,16112
WA,98351,1456
WA,98351,3277
WA,98351,3111
WA,98351,3119
WA,98351,8970
WA,98351,0
WA,98354,16242
WA,98354,43289
WA,98354,45750
WA,98354,43890
WA,98354,84374
WA,98354,39569
WA,98355,855
WA,98355,1726
WA,98355,1449
WA,98355,2118
WA,98355,3070
WA,98355,0
WA,98356,4734
WA,98356,8019
WA,98356,9207
WA,98356,7246
WA,98356,15395
WA,98356,0
WA,98358,1788
WA,98358,2467
WA,98358,4237
WA,98358,4183
WA,98358,8921
WA,98358,6968
WA,98359,8415
WA,98359,16934
WA,98359,22868
WA,98359,25135
WA,98359,62040
WA,98359,22571
WA,98360,18742
WA,98360,50170
WA,98360,68704
WA,98360,70713
WA,98360,141501
WA,98360,34415
WA,98361,2507
WA,98361,4023
WA,98361,3622
WA,98361,4172
WA,98361,9410
WA,98361,0
WA,98362,50639
WA,98362,99534
WA,98362,104525
WA,98362,93567
WA,98362,151795
WA,98362,90203
WA,98363,23710
WA,98363,48118
WA,98363,53629
WA,98363,46221
WA,98363,69203
WA,98363,24052
WA,98365,6928
WA,98365,16343
WA,98365,22875
WA,98365,28993
WA,98365,72984
WA,98365,62907
WA,98366,64761
WA,98366,143062
WA,98366,170567
WA,98366,157849
WA,98366,249246
WA,98366,77772
WA,98367,39102
WA,98367,90508
WA,98367,129375
WA,98367,145988
WA,98367,296233
WA,98367,71368
WA,98368,36568
WA,98368,65123
WA,98368,73689
WA,98368,69637
WA,98368,140983
WA,98368,145905
WA,98370,48425
WA,98370,104812
WA,98370,138912
WA,98370,158212
WA,98370,381086
WA,98370,221752
WA,98371,38403
WA,98371,94477
WA,98371,105844
WA,98371,100601
WA,98371,232790
WA,98371,143266
WA,98372,42475
WA,98372,105980
WA,98372,106612
WA,98372,95093
WA,98372,239694
WA,98372,164599
WA,98373,46392
WA,98373,119964
WA,98373,122799
WA,98373,117174
WA,98373,227997
WA,98373,86653
WA,98374,59732
WA,98374,129839
WA,98374,168225
WA,98374,185553
WA,98374,441286
WA,98374,191322
WA,98375,41831
WA,98375,109172
WA,98375,135465
WA,98375,142383
WA,98375,274167
WA,98375,47006
WA,98376,3866
WA,98376,7537
WA,98376,8735
WA,98376,6592
WA,98376,13535
WA,98376,14005
WA,98377,3427
WA,98377,6238
WA,98377,7607
WA,98377,6219
WA,98377,7279
WA,98377,0
WA,98380,7449
WA,98380,15661
WA,98380,24097
WA,98380,30089
WA,98380,67661
WA,98380,34088
WA,98381,518
WA,98381,1751
WA,98381,1404
WA,98381,3728
WA,98381,0
WA,98381,0
WA,98382,60414
WA,98382,111567
WA,98382,132710
WA,98382,126817
WA,98382,222189
WA,98382,170368
WA,98383,39592
WA,98383,100634
WA,98383,114677
WA,98383,116158
WA,98383,251640
WA,98383,144269
WA,98387,85668
WA,98387,211142
WA,98387,230987
WA,98387,199707
WA,98387,284378
WA,98387,43905
WA,98388,11408
WA,98388,28270
WA,98388,29927
WA,98388,28161
WA,98388,75127
WA,98388,60923
WA,98390,23342
WA,98390,53982
WA,98390,62747
WA,98390,50936
WA,98390,115138
WA,98390,45821
WA,98391,65169
WA,98391,154121
WA,98391,209337
WA,98391,250792
WA,98391,649667
WA,98391,403778
WA,98392,6385
WA,98392,15721
WA,98392,13856
WA,98392,12842
WA,98392,24286
WA,98392,10071
WA,98394,3004
WA,98394,6215
WA,98394,9068
WA,98394,10385
WA,98394,21619
WA,98394,10003
WA,98402,11711
WA,98402,26936
WA,98402,30763
WA,98402,20263
WA,98402,34031
WA,98402,64774
WA,98403,16049
WA,98403,43854
WA,98403,36971
WA,98403,29994
WA,98403,74099
WA,98403,121421
WA,98404,75694
WA,98404,169536
WA,98404,125134
WA,98404,82187
WA,98404,79721
WA,98404,13118
WA,98405,54301
WA,98405,110849
WA,98405,100903
WA,98405,69322
WA,98405,88763
WA,98405,17813
WA,98406,40421
WA,98406,85190
WA,98406,100882
WA,98406,106774
WA,98406,248299
WA,98406,123935
WA,98407,34604
WA,98407,82104
WA,98407,109405
WA,98407,108703
WA,98407,247376
WA,98407,239261
WA,98408,42318
WA,98408,101023
WA,98408,94354
WA,98408,66477
WA,98408,71373
WA,98408,10484
WA,98409,60453
WA,98409,137421
WA,98409,100847
WA,98409,60401
WA,98409,56276
WA,98409,19315
WA,98418,23257
WA,98418,52603
WA,98418,47166
WA,98418,30998
WA,98418,39783
WA,98418,0
WA,98422,29494
WA,98422,73944
WA,98422,90066
WA,98422,101309
WA,98422,289415
WA,98422,249418
WA,98424,21146
WA,98424,58983
WA,98424,53271
WA,98424,44449
WA,98424,74664
WA,98424,48222
WA,98433,52369
WA,98433,99202
WA,98433,37903
WA,98433,19411
WA,98433,20135
WA,98433,0
WA,98438,6469
WA,98438,2814
WA,98438,0
WA,98438,4237
WA,98438,0
WA,98438,0
WA,98439,10538
WA,98439,22582
WA,98439,8360
WA,98439,4734
WA,98439,3816
WA,98439,0
WA,98443,9861
WA,98443,24403
WA,98443,27169
WA,98443,26961
WA,98443,59753
WA,98443,37966
WA,98444,85291
WA,98444,173419
WA,98444,114031
WA,98444,69902
WA,98444,77071
WA,98444,14656
WA,98445,61489
WA,98445,150651
WA,98445,143234
WA,98445,119724
WA,98445,166406
WA,98445,32243
WA,98446,19727
WA,98446,45799
WA,98446,51128
WA,98446,46129
WA,98446,95026
WA,98446,26576
WA,98465,15061
WA,98465,31442
WA,98465,30932
WA,98465,25947
WA,98465,51423
WA,98465,44998
WA,98466,53555
WA,98466,128552
WA,98466,124273
WA,98466,110881
WA,98466,257413
WA,98466,177282
WA,98467,29796
WA,98467,59429
WA,98467,55651
WA,98467,56811
WA,98467,159880
WA,98467,118317
WA,98498,54762
WA,98498,128678
WA,98498,122753
WA,98498,113342
WA,98498,215278
WA,98498,152666
WA,98499,79115
WA,98499,148006
WA,98499,98507
WA,98499,67586
WA,98499,104893
WA,98499,134843
WA,98501,69696
WA,98501,155822
WA,98501,194638
WA,98501,189459
WA,98501,446744
WA,98501,256559
WA,98502,63540
WA,98502,113449
WA,98502,130620
WA,98502,130533
WA,98502,309876
WA,98502,323626
WA,98503,79077
WA,98503,182199
WA,98503,179908
WA,98503,156723
WA,98503,245537
WA,98503,63332
WA,98506,38184
WA,98506,78706
WA,98506,88746
WA,98506,84831
WA,98506,166279
WA,98506,114531
WA,98512,50069
WA,98512,122017
WA,98512,146939
WA,98512,139429
WA,98512,277134
WA,98512,124911
WA,98513,55313
WA,98513,141329
WA,98513,168350
WA,98513,160886
WA,98513,285454
WA,98513,86204
WA,98516,36258
WA,98516,90222
WA,98516,103983
WA,98516,111190
WA,98516,251490
WA,98516,136967
WA,98520,45229
WA,98520,77915
WA,98520,71513
WA,98520,59909
WA,98520,89616
WA,98520,56899
WA,98524,5623
WA,98524,12489
WA,98524,20400
WA,98524,22414
WA,98524,38644
WA,98524,16245
WA,98526,703
WA,98526,1423
WA,98526,2648
WA,98526,0
WA,98526,0
WA,98526,0
WA,98528,18339
WA,98528,40166
WA,98528,53205
WA,98528,47103
WA,98528,77175
WA,98528,29484
WA,98531,61056
WA,98531,104346
WA,98531,90491
WA,98531,69182
WA,98531,86670
WA,98531,45731
WA,98532,44377
WA,98532,86598
WA,98532,97317
WA,98532,92841
WA,98532,149963
WA,98532,87198
WA,98533,1151
WA,98533,1989
WA,98533,2506
WA,98533,4829
WA,98533,0
WA,98533,0
WA,98535,1037
WA,98535,1679
WA,98535,2097
WA,98535,2175
WA,98535,0
WA,98535,0
WA,98537,3862
WA,98537,10341
WA,98537,11606
WA,98537,8297
WA,98537,15994
WA,98537,0
WA,98538,821
WA,98538,1559
WA,98538,3034
WA,98538,0
WA,98538,3852
WA,98538,0
WA,98541,17944
WA,98541,37047
WA,98541,38479
WA,98541,35522
WA,98541,47170
WA,98541,13636
WA,98542,1258
WA,98542,2279
WA,98542,2797
WA,98542,2334
WA,98542,2838
WA,98542,0
WA,98546,4646
WA,98546,10259
WA,98546,14738
WA,98546,11307
WA,98546,22501
WA,98546,22998
WA,98547,3124
WA,98547,4327
WA,98547,4347
WA,98547,2370
WA,98547,9138
WA,98547,0
WA,98548,4477
WA,98548,9356
WA,98548,9155
WA,98548,7663
WA,98548,9690
WA,98548,7516
WA,98550,24518
WA,98550,39560
WA,98550,39501
WA,98550,27550
WA,98550,34267
WA,98550,17365
WA,98552,896
WA,98552,1123
WA,98552,2551
WA,98552,0
WA,98552,0
WA,98552,0
WA,98555,1099
WA,98555,1620
WA,98555,3122
WA,98555,1708
WA,98555,5483
WA,98555,0
WA,98557,5797
WA,98557,13807
WA,98557,16247
WA,98557,13741
WA,98557,20717
WA,98557,0
WA,98560,524
WA,98560,1115
WA,98560,1253
WA,98560,2073
WA,98560,0
WA,98560,0
WA,98563,12863
WA,98563,29647
WA,98563,39620
WA,98563,38532
WA,98563,60119
WA,98563,26477
WA,98564,4635
WA,98564,9600
WA,98564,8992
WA,98564,8745
WA,98564,13962
WA,98564,0
WA,98568,5501
WA,98568,10127
WA,98568,10807
WA,98568,8230
WA,98568,12732
WA,98568,0
WA,98569,14144
WA,98569,23499
WA,98569,23345
WA,98569,19355
WA,98569,32029
WA,98569,13534
WA,98570,7768
WA,98570,14579
WA,98570,17965
WA,98570,16998
WA,98570,22133
WA,98570,0
WA,98572,1773
WA,98572,3302
WA,98572,3561
WA,98572,2934
WA,98572,3252
WA,98572,0
WA,98576,10458
WA,98576,20917
WA,98576,23941
WA,98576,21216
WA,98576,33869
WA,98576,7533
WA,98577,11798
WA,98577,21626
WA,98577,22414
WA,98577,21250
WA,98577,27054
WA,98577,9045
WA,98579,23791
WA,98579,52069
WA,98579,56184
WA,98579,55194
WA,98579,81502
WA,98579,19447
WA,98580,15467
WA,98580,36577
WA,98580,44406
WA,98580,40489
WA,98580,79010
WA,98580,24067
WA,98581,921
WA,98581,2681
WA,98581,0
WA,98581,2260
WA,98581,0
WA,98581,0
WA,98582,1282
WA,98582,2673
WA,98582,3388
WA,98582,2847
WA,98582,5741
WA,98582,0
WA,98584,67109
WA,98584,140742
WA,98584,147268
WA,98584,126710
WA,98584,182128
WA,98584,62279
WA,98585,1539
WA,98585,2605
WA,98585,3642
WA,98585,2620
WA,98585,5181
WA,98585,0
WA,98586,4688
WA,98586,9648
WA,98586,7636
WA,98586,4869
WA,98586,14898
WA,98586,0
WA,98588,2785
WA,98588,6586
WA,98588,5905
WA,98588,5812
WA,98588,13705
WA,98588,0
WA,98589,12743
WA,98589,30891
WA,98589,37314
WA,98589,35635
WA,98589,60227
WA,98589,12048
WA,98590,947
WA,98590,1700
WA,98590,3095
WA,98590,0
WA,98590,3691
WA,98590,0
WA,98591,7035
WA,98591,16019
WA,98591,16001
WA,98591,17060
WA,98591,21830
WA,98591,6904
WA,98592,3188
WA,98592,7967
WA,98592,9648
WA,98592,10474
WA,98592,21386
WA,98592,13890
WA,98593,2045
WA,98593,3398
WA,98593,4422
WA,98593,3250
WA,98593,4059
WA,98593,0
WA,98595,6935
WA,98595,11697
WA,98595,10209
WA,98595,8586
WA,98595,14102
WA,98595,8714
WA,98596,12161
WA,98596,23412
WA,98596,25665
WA,98596,22656
WA,98596,26208
WA,98596,9417
WA,98597,41164
WA,98597,101667
WA,98597,106258
WA,98597,90831
WA,98597,127013
WA,98597,42780
WA,98601,4749
WA,98601,9886
WA,98601,14949
WA,98601,14107
WA,98601,27288
WA,98601,7042
WA,98603,1296
WA,98603,2952
WA,98603,4489
WA,98603,3456
WA,98603,9213
WA,98603,0
WA,98604,57569
WA,98604,124369
WA,98604,152984
WA,98604,175051
WA,98604,332695
WA,98604,231964
WA,98605,3494
WA,98605,7341
WA,98605,7197
WA,98605,4198
WA,98605,8954
WA,98605,0
WA,98606,15609
WA,98606,26682
WA,98606,36089
WA,98606,45322
WA,98606,128159
WA,98606,136278
WA,98607,38817
WA,98607,79229
WA,98607,102642
WA,98607,127641
WA,98607,431716
WA,98607,651165
WA,98610,6283
WA,98610,10019
WA,98610,11444
WA,98610,10615
WA,98610,27558
WA,98610,0
WA,98611,17472
WA,98611,34843
WA,98611,45891
WA,98611,47088
WA,98611,69986
WA,98611,25552
WA,98612,5048
WA,98612,9324
WA,98612,13187
WA,98612,12339
WA,98612,27908
WA,98612,0
WA,98613,791
WA,98613,1421
WA,98613,3441
WA,98613,0
WA,98613,3826
WA,98613,0
WA,98616,381
WA,98616,2116
WA,98616,0
WA,98616,3446
WA,98616,0
WA,98616,0
WA,98619,943
WA,98619,1912
WA,98619,2554
WA,98619,4621
WA,98619,0
WA,98619,0
WA,98620,14381
WA,98620,26783
WA,98620,27893
WA,98620,26784
WA,98620,33146
WA,98620,11907
WA,98624,2869
WA,98624,5679
WA,98624,4844
WA,98624,4599
WA,98624,13976
WA,98624,0
WA,98625,11045
WA,98625,22862
WA,98625,29126
WA,98625,34222
WA,98625,65798
WA,98625,29683
WA,98626,51632
WA,98626,90870
WA,98626,97421
WA,98626,83612
WA,98626,129455
WA,98626,60655
WA,98628,1038
WA,98628,2465
WA,98628,0
WA,98628,2357
WA,98628,0
WA,98628,0
WA,98629,12693
WA,98629,25331
WA,98629,36456
WA,98629,46969
WA,98629,97853
WA,98629,68256
WA,98631,8632
WA,98631,14496
WA,98631,13198
WA,98631,11315
WA,98631,18702
WA,98631,15399
WA,98632,102208
WA,98632,177433
WA,98632,179254
WA,98632,176436
WA,98632,288923
WA,98632,136616
WA,98635,3244
WA,98635,6879
WA,98635,7550
WA,98635,6654
WA,98635,16679
WA,98635,0
WA,98638,3003
WA,98638,6361
WA,98638,7534
WA,98638,5864
WA,98638,10295
WA,98638,0
WA,98640,10122
WA,98640,16672
WA,98640,15028
WA,98640,10944
WA,98640,18117
WA,98640,16029
WA,98642,24381
WA,98642,53204
WA,98642,73955
WA,98642,86196
WA,98642,229252
WA,98642,243425
WA,98643,896
WA,98643,1493
WA,98643,1923
WA,98643,3919
WA,98643,0
WA,98643,0
WA,98645,2024
WA,98645,4116
WA,98645,6201
WA,98645,6006
WA,98645,13224
WA,98645,0
WA,98647,798
WA,98647,1499
WA,98647,1675
WA,98647,2672
WA,98647,0
WA,98647,0
WA,98648,6134
WA,98648,11760
WA,98648,12059
WA,98648,11655
WA,98648,23392
WA,98648,13803
WA,98649,1866
WA,98649,3323
WA,98649,5514
WA,98649,5408
WA,98649,12273
WA,98649,0
WA,98650,1978
WA,98650,3764
WA,98650,5196
WA,98650,4245
WA,98650,8988
WA,98650,12201
WA,98651,1326
WA,98651,3100
WA,98651,4034
WA,98651,4166
WA,98651,10909
WA,98651,10353
WA,98660,26125
WA,98660,53470
WA,98660,50750
WA,98660,40104
WA,98660,65664
WA,98660,93253
WA,98661,108742
WA,98661,212363
WA,98661,170107
WA,98661,125974
WA,98661,177809
WA,98661,465032
WA,98662,65350
WA,98662,151840
WA,98662,160469
WA,98662,136098
WA,98662,192576
WA,98662,106609
WA,98663,30595
WA,98663,72620
WA,98663,68933
WA,98663,49949
WA,98663,91958
WA,98663,46395
WA,98664,49916
WA,98664,109151
WA,98664,106886
WA,98664,86438
WA,98664,135115
WA,98664,222551
WA,98665,57146
WA,98665,114800
WA,98665,119746
WA,98665,108873
WA,98665,189954
WA,98665,160531
WA,98671,37616
WA,98671,74434
WA,98671,96221
WA,98671,110733
WA,98671,247262
WA,98671,176248
WA,98672,12483
WA,98672,26166
WA,98672,27217
WA,98672,22889
WA,98672,57532
WA,98672,61709
WA,98674,24706
WA,98674,48283
WA,98674,54419
WA,98674,58257
WA,98674,100879
WA,98674,66632
WA,98675,7801
WA,98675,16069
WA,98675,26131
WA,98675,30205
WA,98675,43435
WA,98675,26837
WA,98682,112406
WA,98682,247878
WA,98682,269300
WA,98682,244292
WA,98682,366345
WA,98682,161509
WA,98683,58702
WA,98683,131380
WA,98683,155307
WA,98683,154852
WA,98683,324196
WA,98683,309387
WA,98684,56226
WA,98684,126512
WA,98684,133331
WA,98684,124333
WA,98684,206914
WA,98684,70817
WA,98685,42902
WA,98685,86025
WA,98685,113591
WA,98685,142645
WA,98685,369058
WA,98685,300777
WA,98686,32984
WA,98686,65384
WA,98686,83378
WA,98686,84340
WA,98686,218994
WA,98686,155422
WA,98801,97878
WA,98801,163707
WA,98801,153270
WA,98801,139579
WA,98801,259083
WA,98801,377197
WA,98802,63960
WA,98802,120162
WA,98802,128644
WA,98802,117943
WA,98802,213409
WA,98802,108434
WA,98812,14830
WA,98812,26649
WA,98812,16689
WA,98812,9581
WA,98812,15628
WA,98812,14876
WA,98813,16440
WA,98813,11889
WA,98813,6631
WA,98813,3742
WA,98813,2927
WA,98813,0
WA,98814,1011
WA,98814,2081
WA,98814,1867
WA,98814,1761
WA,98814,3299
WA,98814,0
WA,98815,15958
WA,98815,29702
WA,98815,28073
WA,98815,25209
WA,98815,50612
WA,98815,29528
WA,98816,17992
WA,98816,32924
WA,98816,27965
WA,98816,25569
WA,98816,56075
WA,98816,58782
WA,98822,4154
WA,98822,8609
WA,98822,8540
WA,98822,7258
WA,98822,13334
WA,98822,0
WA,98823,21939
WA,98823,44377
WA,98823,45784
WA,98823,43498
WA,98823,70490
WA,98823,36288
WA,98826,16204
WA,98826,30296
WA,98826,31648
WA,98826,29441
WA,98826,52948
WA,98826,56708
WA,98827,629
WA,98827,2449
WA,98827,0
WA,98827,2423
WA,98827,0
WA,98827,0
WA,98828,4993
WA,98828,9270
WA,98828,11112
WA,98828,8975
WA,98828,14164
WA,98828,7289
WA,98830,766
WA,98830,2264
WA,98830,1452
WA,98830,2398
WA,98830,2782
WA,98830,0
WA,98831,9527
WA,98831,14381
WA,98831,10141
WA,98831,10360
WA,98831,15416
WA,98831,24842
WA,98832,3125
WA,98832,0
WA,98832,2626
WA,98832,0
WA,98832,0
WA,98832,0
WA,98837,84273
WA,98837,179192
WA,98837,165528
WA,98837,137257
WA,98837,229100
WA,98837,154287
WA,98840,9778
WA,98840,16873
WA,98840,17930
WA,98840,12623
WA,98840,19344
WA,98840,8967
WA,98841,22213
WA,98841,38908
WA,98841,31230
WA,98841,23888
WA,98841,32562
WA,98841,15237
WA,98843,4408
WA,98843,8034
WA,98843,3792
WA,98843,3213
WA,98843,12921
WA,98843,7521
WA,98844,11439
WA,98844,16684
WA,98844,12396
WA,98844,10290
WA,98844,26294
WA,98844,0
WA,98846,2455
WA,98846,6102
WA,98846,4816
WA,98846,3131
WA,98846,9422
WA,98846,0
WA,98847,5541
WA,98847,8363
WA,98847,6560
WA,98847,5127
WA,98847,10445
WA,98847,6189
WA,98848,30717
WA,98848,59121
WA,98848,43332
WA,98848,31999
WA,98848,42876
WA,98848,48136
WA,98849,2222
WA,98849,5077
WA,98849,4473
WA,98849,5024
WA,98849,0
WA,98849,0
WA,98850,4379
WA,98850,8317
WA,98850,5436
WA,98850,3387
WA,98850,6548
WA,98850,0
WA,98851,8661
WA,98851,14556
WA,98851,14378
WA,98851,11484
WA,98851,17046
WA,98851,0
WA,98855,13393
WA,98855,21984
WA,98855,20398
WA,98855,15904
WA,98855,18946
WA,98855,8552
WA,98856,6277
WA,98856,12694
WA,98856,11218
WA,98856,8082
WA,98856,9711
WA,98856,10775
WA,98857,7564
WA,98857,18444
WA,98857,15444
WA,98857,9620
WA,98857,27153
WA,98857,10277
WA,98858,2840
WA,98858,6737
WA,98858,6664
WA,98858,6786
WA,98858,16199
WA,98858,0
WA,98862,4909
WA,98862,11510
WA,98862,11144
WA,98862,12157
WA,98862,25291
WA,98862,23642
WA,98901,78291
WA,98901,114456
WA,98901,73476
WA,98901,52627
WA,98901,92347
WA,98901,80307
WA,98902,121922
WA,98902,209127
WA,98902,141118
WA,98902,86945
WA,98902,102783
WA,98902,84249
WA,98903,37218
WA,98903,68586
WA,98903,53173
WA,98903,41995
WA,98903,72234
WA,98903,85142
WA,98908,70350
WA,98908,148562
WA,98908,159803
WA,98908,154865
WA,98908,307238
WA,98908,462426
WA,98922,12177
WA,98922,19748
WA,98922,23402
WA,98922,24886
WA,98922,46296
WA,98922,53691
WA,98923,4668
WA,98923,7637
WA,98923,5950
WA,98923,5258
WA,98923,9781
WA,98923,0
WA,98926,59999
WA,98926,98803
WA,98926,107500
WA,98926,111571
WA,98926,189019
WA,98926,112431
WA,98930,39292
WA,98930,69233
WA,98930,47340
WA,98930,28824
WA,98930,37844
WA,98930,17091
WA,98932,14950
WA,98932,26116
WA,98932,12857
WA,98932,5696
WA,98932,12595
WA,98932,0
WA,98933,2952
WA,98933,7674
WA,98933,5174
WA,98933,3102
WA,98933,8814
WA,98933,0
WA,98935,11652
WA,98935,20433
WA,98935,11062
WA,98935,5190
WA,98935,14374
WA,98935,0
WA,98936,11205
WA,98936,26335
WA,98936,31987
WA,98936,24650
WA,98936,31149
WA,98936,21235
WA,98937,7979
WA,98937,19399
WA,98937,19011
WA,98937,17101
WA,98937,28083
WA,98937,29950
WA,98938,5078
WA,98938,8244
WA,98938,6306
WA,98938,4318
WA,98938,14639
WA,98938,0
WA,98942,33052
WA,98942,70732
WA,98942,77031
WA,98942,77174
WA,98942,131312
WA,98942,146506
WA,98944,72115
WA,98944,103504
WA,98944,58466
WA,98944,32956
WA,98944,44466
WA,98944,42504
WA,98946,1080
WA,98946,2266
WA,98946,3792
WA,98946,0
WA,98946,3678
WA,98946,0
WA,98947,6781
WA,98947,14309
WA,98947,9959
WA,98947,6563
WA,98947,11846
WA,98947,0
WA,98948,37395
WA,98948,65250
WA,98948,35605
WA,98948,16870
WA,98948,25828
WA,98948,0
WA,98951,34686
WA,98951,61028
WA,98951,32958
WA,98951,17066
WA,98951,21984
WA,98951,20348
WA,98952,3410
WA,98952,7706
WA,98952,4115
WA,98952,3206
WA,98952,4912
WA,98952,0
WA,98953,12786
WA,98953,27752
WA,98953,27825
WA,98953,21619
WA,98953,38595
WA,98953,21241
WA,99001,12684
WA,99001,23509
WA,99001,20081
WA,99001,13395
WA,99001,15748
WA,99001,0
WA,99003,9702
WA,99003,18298
WA,99003,21026
WA,99003,24485
WA,99003,41367
WA,99003,20307
WA,99004,39241
WA,99004,60546
WA,99004,62162
WA,99004,67005
WA,99004,109049
WA,99004,36418
WA,99005,13506
WA,99005,25192
WA,99005,38315
WA,99005,42955
WA,99005,121256
WA,99005,218555
WA,99006,23554
WA,99006,43157
WA,99006,54016
WA,99006,50831
WA,99006,72858
WA,99006,28893
WA,99008,1068
WA,99008,2200
WA,99008,2919
WA,99008,2313
WA,99008,7147
WA,99008,0
WA,99009,7978
WA,99009,13117
WA,99009,16158
WA,99009,14224
WA,99009,18227
WA,99009,8112
WA,99011,7727
WA,99011,12732
WA,99011,9993
WA,99011,3914
WA,99011,4280
WA,99011,0
WA,99012,1410
WA,99012,4135
WA,99012,3804
WA,99012,4600
WA,99012,7593
WA,99012,0
WA,99013,1853
WA,99013,2809
WA,99013,4085
WA,99013,2281
WA,99013,3447
WA,99013,0
WA,99016,22456
WA,99016,47853
WA,99016,61814
WA,99016,70620
WA,99016,129405
WA,99016,107298
WA,99018,499
WA,99018,2031
WA,99018,0
WA,99018,2244
WA,99018,0
WA,99018,0
WA,99019,15193
WA,99019,35152
WA,99019,42919
WA,99019,55104
WA,99019,146249
WA,99019,205571
WA,99021,17408
WA,99021,32029
WA,99021,40528
WA,99021,43183
WA,99021,93317
WA,99021,50988
WA,99022,15249
WA,99022,39793
WA,99022,40407
WA,99022,36645
WA,99022,61435
WA,99022,12131
WA,99023,897
WA,99023,1933
WA,99023,1630
WA,99023,1930
WA,99023,11913
WA,99023,0
WA,99025,8991
WA,99025,18821
WA,99025,24609
WA,99025,25257
WA,99025,47021
WA,99025,35398
WA,99026,14109
WA,99026,31290
WA,99026,42328
WA,99026,52218
WA,99026,100148
WA,99026,54146
WA,99027,12642
WA,99027,26556
WA,99027,28444
WA,99027,27498
WA,99027,45185
WA,99027,26972
WA,99029,4712
WA,99029,5121
WA,99029,6835
WA,99029,5661
WA,99029,12841
WA,99029,0
WA,99030,1874
WA,99030,4151
WA,99030,4846
WA,99030,4667
WA,99030,10449
WA,99030,0
WA,99031,2653
WA,99031,4514
WA,99031,5538
WA,99031,5643
WA,99031,18061
WA,99031,0
WA,99032,1316
WA,99032,2476
WA,99032,3006
WA,99032,2637
WA,99032,4226
WA,99032,0
WA,99033,1606
WA,99033,3873
WA,99033,3445
WA,99033,3345
WA,99033,4333
WA,99033,0
WA,99034,765
WA,99034,1958
WA,99034,0
WA,99034,2626
WA,99034,0
WA,99034,0
WA,99036,2436
WA,99036,5176
WA,99036,5555
WA,99036,7233
WA,99036,23252
WA,99036,19159
WA,99037,31735
WA,99037,60889
WA,99037,65324
WA,99037,66769
WA,99037,137668
WA,99037,90124
WA,99040,2054
WA,99040,4799
WA,99040,3603
WA,99040,3935
WA,99040,0
WA,99040,0
WA,99101,2977
WA,99101,5332
WA,99101,5781
WA,99101,3293
WA,99101,6472
WA,99101,0
WA,99103,788
WA,99103,1840
WA,99103,1904
WA,99103,2229
WA,99103,5622
WA,99103,0
WA,99109,10476
WA,99109,19309
WA,99109,18472
WA,99109,18090
WA,99109,26021
WA,99109,15150
WA,99110,3379
WA,99110,6021
WA,99110,5786
WA,99110,5984
WA,99110,8942
WA,99110,0
WA,99111,7454
WA,99111,15384
WA,99111,19919
WA,99111,21258
WA,99111,31406
WA,99111,10712
WA,99113,1324
WA,99113,3181
WA,99113,3527
WA,99113,5375
WA,99113,10440
WA,99113,0
WA,99114,25293
WA,99114,46800
WA,99114,47839
WA,99114,44911
WA,99114,64082
WA,99114,27678
WA,99115,2418
WA,99115,4659
WA,99115,4500
WA,99115,3746
WA,99115,10362
WA,99115,0
WA,99116,2239
WA,99116,5837
WA,99116,7335
WA,99116,5029
WA,99116,10016
WA,99116,0
WA,99117,924
WA,99117,1325
WA,99117,2067
WA,99117,2310
WA,99117,4071
WA,99117,0
WA,99118,1284
WA,99118,2395
WA,99118,3000
WA,99118,2171
WA,99118,4811
WA,99118,0
WA,99119,1771
WA,99119,3220
WA,99119,3415
WA,99119,3007
WA,99119,8893
WA,99119,0
WA,99122,6280
WA,99122,13024
WA,99122,17053
WA,99122,15677
WA,99122,24248
WA,99122,9711
WA,99123,1850
WA,99123,3646
WA,99123,5290
WA,99123,6084
WA,99123,11596
WA,99123,0
WA,99125,1056
WA,99125,2992
WA,99125,2847
WA,99125,3514
WA,99125,0
WA,99125,0
WA,99126,1564
WA,99126,2992
WA,99126,2784
WA,99126,1708
WA,99126,5692
WA,99126,0
WA,99128,414
WA,99128,1256
WA,99128,2439
WA,99128,0
WA,99128,3517
WA,99128,0
WA,99129,1304
WA,99129,2485
WA,99129,1540
WA,99129,2113
WA,99129,0
WA,99129,0
WA,99130,1284
WA,99130,4141
WA,99130,3573
WA,99130,4085
WA,99130,6944
WA,99130,0
WA,99133,3426
WA,99133,5697
WA,99133,6111
WA,99133,5905
WA,99133,15052
WA,99133,0
WA,99134,828
WA,99134,2302
WA,99134,2007
WA,99134,1794
WA,99134,6122
WA,99134,0
WA,99135,373
WA,99135,1805
WA,99135,0
WA,99135,3854
WA,99135,0
WA,99135,0
WA,99137,638
WA,99137,1649
WA,99137,1399
WA,99137,2151
WA,99137,0
WA,99137,0
WA,99138,2081
WA,99138,4953
WA,99138,4047
WA,99138,2498
WA,99138,3652
WA,99138,0
WA,99139,2120
WA,99139,3774
WA,99139,4752
WA,99139,4697
WA,99139,8946
WA,99139,0
WA,99140,910
WA,99140,742
WA,99140,2514
WA,99140,0
WA,99140,0
WA,99140,0
WA,99141,10694
WA,99141,20336
WA,99141,23036
WA,99141,18930
WA,99141,25226
WA,99141,7054
WA,99143,1046
WA,99143,2697
WA,99143,2531
WA,99143,2544
WA,99143,5130
WA,99143,0
WA,99148,4386
WA,99148,7209
WA,99148,9151
WA,99148,8540
WA,99148,21795
WA,99148,0
WA,99150,602
WA,99150,976
WA,99150,1531
WA,99150,3937
WA,99150,0
WA,99150,0
WA,99153,947
WA,99153,873
WA,99153,1817
WA,99153,2641
WA,99153,3203
WA,99153,0
WA,99155,2508
WA,99155,5651
WA,99155,4539
WA,99155,0
WA,99155,2693
WA,99155,0
WA,99156,15843
WA,99156,29971
WA,99156,30071
WA,99156,26026
WA,99156,41557
WA,99156,41553
WA,99157,1662
WA,99157,2851
WA,99157,3765
WA,99157,0
WA,99157,3761
WA,99157,0
WA,99158,1036
WA,99158,2113
WA,99158,2715
WA,99158,3303
WA,99158,4436
WA,99158,0
WA,99159,2216
WA,99159,5035
WA,99159,5826
WA,99159,4178
WA,99159,9520
WA,99159,5585
WA,99161,2054
WA,99161,6709
WA,99161,7891
WA,99161,7923
WA,99161,14221
WA,99161,0
WA,99163,57152
WA,99163,74254
WA,99163,73176
WA,99163,75195
WA,99163,182617
WA,99163,119753
WA,99166,5505
WA,99166,10696
WA,99166,9687
WA,99166,12075
WA,99166,14806
WA,99166,9074
WA,99167,1405
WA,99167,2343
WA,99167,3557
WA,99167,0
WA,99167,5033
WA,99167,0
WA,99169,5174
WA,99169,14036
WA,99169,9979
WA,99169,9960
WA,99169,15547
WA,99169,9250
WA,99170,2064
WA,99170,4740
WA,99170,4293
WA,99170,4897
WA,99170,8547
WA,99170,0
WA,99171,1997
WA,99171,4050
WA,99171,4939
WA,99171,4176
WA,99171,7856
WA,99171,0
WA,99173,3223
WA,99173,5600
WA,99173,4914
WA,99173,3722
WA,99173,4220
WA,99173,0
WA,99179,629
WA,99179,2526
WA,99179,2341
WA,99179,1733
WA,99179,5714
WA,99179,0
WA,99180,2062
WA,99180,4181
WA,99180,4406
WA,99180,3124
WA,99180,6899
WA,99180,0
WA,99181,3766
WA,99181,5898
WA,99181,7798
WA,99181,5520
WA,99181,7989
WA,99181,0
WA,99185,2061
WA,99185,5762
WA,99185,5650
WA,99185,6394
WA,99185,17175
WA,99185,0
WA,99201,35991
WA,99201,49760
WA,99201,31712
WA,99201,23911
WA,99201,42934
WA,99201,71402
WA,99202,42646
WA,99202,70785
WA,99202,51693
WA,99202,32733
WA,99202,39037
WA,99202,39837
WA,99203,35485
WA,99203,80314
WA,99203,94398
WA,99203,103955
WA,99203,249314
WA,99203,348395
WA,99204,22091
WA,99204,31976
WA,99204,19614
WA,99204,14764
WA,99204,25699
WA,99204,57762
WA,99205,103373
WA,99205,219062
WA,99205,199823
WA,99205,135729
WA,99205,126798
WA,99205,30776
WA,99206,81170
WA,99206,155841
WA,99206,149940
WA,99206,132875
WA,99206,215971
WA,99206,122422
WA,99207,84713
WA,99207,140951
WA,99207,89018
WA,99207,45404
WA,99207,33669
WA,99207,9434
WA,99208,101662
WA,99208,188791
WA,99208,201298
WA,99208,212375
WA,99208,423236
WA,99208,291833
WA,99212,44926
WA,99212,90883
WA,99212,87792
WA,99212,71065
WA,99212,100671
WA,99212,80184
WA,99216,60739
WA,99216,118311
WA,99216,102383
WA,99216,81709
WA,99216,96029
WA,99216,23085
WA,99217,38522
WA,99217,78489
WA,99217,72213
WA,99217,51378
WA,99217,81587
WA,99217,69549
WA,99218,28556
WA,99218,46927
WA,99218,49639
WA,99218,56117
WA,99218,111179
WA,99218,68657
WA,99223,55910
WA,99223,113181
WA,99223,129591
WA,99223,136441
WA,99223,308161
WA,99223,486639
WA,99224,36522
WA,99224,80345
WA,99224,80961
WA,99224,79251
WA,99224,181812
WA,99224,188594
WA,99301,164098
WA,99301,313502
WA,99301,266940
WA,99301,226739
WA,99301,369930
WA,99301,239067
WA,99320,16558
WA,99320,32861
WA,99320,42613
WA,99320,38753
WA,99320,69197
WA,99320,32690
WA,99321,3716
WA,99321,6719
WA,99321,3984
WA,99321,0
WA,99321,0
WA,99321,0
WA,99322,358
WA,99322,1052
WA,99322,2585
WA,99322,0
WA,99322,3221
WA,99322,0
WA,99323,6818
WA,99323,12289
WA,99323,17021
WA,99323,18785
WA,99323,33842
WA,99323,11742
WA,99324,20519
WA,99324,37546
WA,99324,36713
WA,99324,26696
WA,99324,38191
WA,99324,21429
WA,99326,6795
WA,99326,16428
WA,99326,14868
WA,99326,9453
WA,99326,12384
WA,99326,11059
WA,99328,7545
WA,99328,13383
WA,99328,14836
WA,99328,14124
WA,99328,21722
WA,99328,8713
WA,99329,627
WA,99329,1225
WA,99329,2406
WA,99329,0
WA,99329,3197
WA,99329,0
WA,99330,3368
WA,99330,7854
WA,99330,6001
WA,99330,4131
WA,99330,10181
WA,99330,0
WA,99336,119200
WA,99336,212231
WA,99336,175763
WA,99336,139440
WA,99336,231065
WA,99336,95321
WA,99337,54158
WA,99337,105601
WA,99337,123965
WA,99337,139432
WA,99337,270209
WA,99337,136973
WA,99338,17838
WA,99338,32892
WA,99338,46631
WA,99338,70846
WA,99338,234817
WA,99338,166343
WA,99341,1394
WA,99341,3288
WA,99341,3574
WA,99341,2352
WA,99341,4376
WA,99341,0
WA,99343,5913
WA,99343,12867
WA,99343,9035
WA,99343,5197
WA,99343,11593
WA,99343,12555
WA,99344,39809
WA,99344,88599
WA,99344,57653
WA,99344,36758
WA,99344,45837
WA,99344,59953
WA,99347,4429
WA,99347,9088
WA,99347,10356
WA,99347,9618
WA,99347,18560
WA,99347,0
WA,99348,3120
WA,99348,5957
WA,99348,5186
WA,99348,2333
WA,99348,10003
WA,99348,0
WA,99349,19024
WA,99349,43830
WA,99349,19857
WA,99349,8945
WA,99349,16412
WA,99349,12557
WA,99350,27216
WA,99350,52487
WA,99350,47896
WA,99350,43203
WA,99350,76028
WA,99350,52041
WA,99352,52712
WA,99352,103223
WA,99352,122908
WA,99352,147623
WA,99352,444610
WA,99352,379873
WA,99353,21590
WA,99353,42398
WA,99353,63565
WA,99353,89079
WA,99353,222203
WA,99353,105520
WA,99354,41798
WA,99354,83090
WA,99354,96009
WA,99354,94279
WA,99354,252326
WA,99354,127883
WA,99356,601
WA,99356,1385
WA,99356,3123
WA,99356,0
WA,99356,0
WA,99356,0
WA,99357,12281
WA,99357,28038
WA,99357,15247
WA,99357,6993
WA,99357,9723
WA,99357,9280
WA,99360,2171
WA,99360,4944
WA,99360,7040
WA,99360,5769
WA,99360,16770
WA,99360,0
WA,99361,2894
WA,99361,6369
WA,99361,7377
WA,99361,8871
WA,99361,12423
WA,99361,6288
WA,99362,81393
WA,99362,156038
WA,99362,148986
WA,99362,141373
WA,99362,263703
WA,99362,244336
WA,99371,590
WA,99371,2158
WA,99371,0
WA,99371,2752
WA,99371,0
WA,99371,0
WA,99401,511
WA,99401,1066
WA,99401,1412
WA,99401,3049
WA,99401,0
WA,99401,0
WA,99402,3379
WA,99402,7218
WA,99402,7039
WA,99402,8263
WA,99402,25088
WA,99402,0
WA,99403,43349
WA,99403,78568
WA,99403,80099
WA,99403,73664
WA,99403,114919
WA,99403,91196
WA,99999,248646
WA,99999,540969
WA,99999,574554
WA,99999,501826
WA,99999,999074
WA,99999,1595556
